time,open,close,high,low,volume
12/11/2019 8:00,0.172209993,0.172130004,0.172509998,0.172059998,372.4046936
12/12/2019 8:00,0.172130004,0.173050001,0.173280001,0.172089994,227339.5
12/13/2019 8:00,0.173050001,0.172330007,0.173150003,0.171800002,34.41519165
12/14/2019 8:00,0.172330007,0.172000006,0.172330007,0.172000006,0.172000006
12/15/2019 8:00,0.172000006,0.171959996,0.172000006,0.171959996,343.9200134
12/16/2019 8:00,0.171959996,0.171059996,0.171959996,0.170839995,0
12/17/2019 8:00,0.171059996,0.1699,0.171959996,0.1699,169.8999939
12/18/2019 8:00,0.1699,0.168860003,0.169960007,0.168679997,0.016996
12/19/2019 8:00,0.168860003,0.168410003,0.169459999,0.168380007,0
12/20/2019 8:00,0.168410003,0.168469995,0.169960007,0.168369994,0
12/21/2019 8:00,0.168469995,0.168489993,0.169960007,0.168439999,0
12/22/2019 8:00,0.168489993,0.168149993,0.168489993,0.168149993,0.016814999
12/23/2019 8:00,0.168149993,0.168149993,0.168579996,0.168149993,0
12/24/2019 8:00,0.168149993,0.168149993,0.16821,0.168149993,0
12/25/2019 8:00,0.168149993,0.168149993,0.168190002,0.168149993,0
12/26/2019 8:00,0.168149993,0.168280005,0.168369994,0.168149993,0
12/27/2019 8:00,0.168280005,0.168149993,0.168280005,0.167899996,0
12/28/2019 8:00,0.168149993,0.168149993,0.168149993,0.168149993,0
12/29/2019 8:00,0.168149993,0.168149993,0.168149993,0.168149993,0
12/30/2019 8:00,0.168149993,0.168149993,0.168149993,0.168149993,0
12/31/2019 8:00,0.168149993,0.168149993,0.168149993,0.168139994,0
1/1/2020 8:00,0.168149993,0.168149993,0.168149993,0.168149993,0
1/2/2020 8:00,0.168149993,0.167999998,0.168149993,0.167930007,0
1/3/2020 8:00,0.167999998,0.167649999,0.168149993,0.167410001,0
1/4/2020 8:00,0.167649999,0.167649999,0.167960003,0.167649999,0
1/5/2020 8:00,0.167649999,0.167610005,0.167850003,0.167610005,0
1/6/2020 8:00,0.167610005,0.167579994,0.167610005,0.16742,0.016758
1/7/2020 8:00,0.167579994,0.167429999,0.167720005,0.16742,0
1/8/2020 8:00,0.167429999,0.168939993,0.169170007,0.167229995,0
1/9/2020 8:00,0.168939993,0.169850007,0.170430005,0.168359995,0
1/10/2020 8:00,0.169850007,0.169890001,0.170330003,0.169359997,0
1/11/2020 8:00,0.169890001,0.1699,0.1699,0.168929994,8.493000031
1/12/2020 8:00,0.1699,0.169909999,0.169909999,0.169860005,0
1/13/2020 8:00,0.169909999,0.170230001,0.170599997,0.169860005,14573.74805
1/14/2020 8:00,0.170230001,0.169760004,0.170300007,0.169440001,5707.359375
1/15/2020 8:00,0.169760004,0.169870004,0.170019999,0.169670001,0
1/16/2020 8:00,0.169870004,0.170479998,0.170959994,0.169760004,0
1/17/2020 8:00,0.170479998,0.169760004,0.170619994,0.169369996,0
1/18/2020 8:00,0.169760004,0.169599995,0.169760004,0.169599995,1017.599976
1/19/2020 8:00,0.169599995,0.169599995,0.169599995,0.169599995,0
1/20/2020 8:00,0.169599995,0.169170007,0.169599995,0.169080004,0
1/21/2020 8:00,0.169170007,0.168630004,0.169389993,0.168540001,8432.943359
1/22/2020 8:00,0.168630004,0.168750003,0.168750003,0.168359995,0
1/23/2020 8:00,0.168750003,0.168740004,0.169080004,0.168300003,0
1/24/2020 8:00,0.168740004,0.168249995,0.168750003,0.168249995,12504.99707
1/25/2020 8:00,0.168249995,0.168249995,0.168249995,0.168249995,0
1/26/2020 8:00,0.168249995,0.168219998,0.168249995,0.168160006,0
1/27/2020 8:00,0.168219998,0.168040007,0.168249995,0.167940006,54439.65234
1/28/2020 8:00,0.168040007,0.16821,0.168239996,0.168040007,30011.96094
1/29/2020 8:00,0.16821,0.167899996,0.16821,0.167620003,61679.23438
1/30/2020 8:00,0.167899996,0.16742,0.167899996,0.166960001,108557.4453
1/31/2020 8:00,0.16742,0.167170003,0.167429999,0.167170003,28238.50977
2/1/2020 8:00,0.167170003,0.166989997,1,0.026699999,9442.112305
2/2/2020 8:00,0.166989997,0.167030007,0.167030007,0.166989997,0
2/3/2020 8:00,0.167030007,0.166989997,0.167099997,0.166989997,0
2/4/2020 8:00,0.166989997,0.166999996,0.167659998,0.166840002,68374.63281
2/5/2020 8:00,0.166999996,0.167050004,0.167180002,0.166800007,46487.94922
2/6/2020 8:00,0.167050004,0.167099997,0.167099997,0.166879997,1.668799996
2/7/2020 8:00,0.167099997,0.166060001,0.167099997,0.165419996,4596.528809
2/8/2020 8:00,0.166060001,0.166309997,0.166309997,0.166050002,127.2079163
2/9/2020 8:00,0.166309997,0.166840002,0.166850001,0.166260004,0
2/10/2020 8:00,0.166840002,0.166309997,0.167150006,0.165979996,13708.78906
2/11/2020 8:00,0.166309997,0.166069999,0.166350007,0.165439993,4018.279541
2/12/2020 8:00,0.166069999,0.165419996,0.1664,0.165110007,1687.284058
2/13/2020 8:00,0.165419996,0.165419996,0.165490001,0.16505,0
2/14/2020 8:00,0.165419996,0.165230006,0.165419996,0.164949998,4137.987305
2/15/2020 8:00,0.165230006,0.165209994,0.165230006,0.165209994,0
2/16/2020 8:00,0.165209994,0.165230006,0.165230006,0.165199995,0
2/17/2020 8:00,0.165230006,0.165250003,0.165370002,0.165089995,3179.310547
2/18/2020 8:00,0.165250003,0.164759994,0.165250003,0.1646,3029.766846
2/19/2020 8:00,0.164759994,0.164389998,0.164979994,0.164299995,24827.16602
2/20/2020 8:00,0.164389998,0.163839996,0.164399996,0.163760006,5529.901855
2/21/2020 8:00,0.163839996,0.163680002,0.164000005,0.163240001,2161.61499
2/22/2020 8:00,0.163680002,0.163729995,0.164039999,0.163589999,8431.116211
2/23/2020 8:00,0.163729995,0.163530007,0.164000005,0.163149998,36978.74609
2/24/2020 8:00,0.163530007,0.163200006,0.163819999,0.16223,0.423101008
2/25/2020 8:00,0.163200006,0.162479997,0.164399996,0.162440002,38641.32031
2/26/2020 8:00,0.162479997,0.162100002,0.162709996,0.162100002,25476.94922
2/27/2020 8:00,0.162100002,0.161050007,0.162159994,0.160940006,215.4598999
2/28/2020 8:00,0.161050007,0.159820005,0.161060005,0.159649998,16.13996315
2/29/2020 8:00,0.159820005,0.159830004,0.160129994,0.159649998,133.9356079
3/1/2020 8:00,0.159830004,0.15986,0.160139993,0.159779996,37918.26172
3/2/2020 8:00,0.15986,0.161709994,0.162059993,0.159659997,0.095908001
3/3/2020 8:00,0.161709994,0.163379997,0.165490001,0.160459995,40757.47656
3/4/2020 8:00,0.163379997,0.164179996,0.164560005,0.162650004,113761
3/5/2020 8:00,0.164179996,0.163560003,0.164629996,0.163049996,4995.334961
3/6/2020 8:00,0.163560003,0.164049998,0.164379999,0.163200006,314.1077271
3/7/2020 8:00,0.164049998,0.164049998,0.164079994,0.164049998,121.9875793
3/8/2020 8:00,0.164049998,0.163230002,0.164049998,0.162499994,8529.779297
3/9/2020 8:00,0.163230002,0.162190005,0.163749993,0.160840005,246748.2969
3/10/2020 8:00,0.162190005,0.161559999,0.163379997,0.161449999,155352.2813
3/11/2020 8:00,0.161559999,0.160889998,0.162650004,0.160730004,4945.749512
3/12/2020 8:00,0.160889998,0.158209994,0.160980001,0.157849997,207192.2188
3/13/2020 8:00,0.158209994,0.157260001,0.159319997,0.155819997,580997.4375
3/14/2020 8:00,0.157260001,0.157260001,0.15839,0.156020001,324010.3125
3/15/2020 8:00,0.157260001,0.158010006,0.15896,0.156609997,277071.8438
3/16/2020 8:00,0.158010006,0.155090004,0.158250004,0.154070005,871632.5
3/17/2020 8:00,0.155090004,0.154789999,0.156000003,0.152590007,65773.28125
3/18/2020 8:00,0.154789999,0.153170004,0.154870003,0.152820006,121247.7734
3/19/2020 8:00,0.153170004,0.151559994,0.153359994,0.151289999,41386.625
3/20/2020 8:00,0.151559994,0.151299998,0.153290004,0.151079997,104965.8672
3/21/2020 8:00,0.151299998,0.151449993,0.152009994,0.151299998,92767.84375
3/22/2020 8:00,0.151449993,0.151189998,0.152109995,0.151010007,185185.0781
3/23/2020 8:00,0.151189998,0.151529998,0.151800007,0.150150001,409982.6875
3/24/2020 8:00,0.151529998,0.153819993,0.155059993,0.151419997,40586.45703
3/25/2020 8:00,0.153819993,0.154530004,0.155599996,0.153349996,34453.28906
3/26/2020 8:00,0.154530004,0.154640004,0.155310005,0.152689993,46586.04297
3/27/2020 8:00,0.154640004,0.153209999,0.154909998,0.152899995,42360.21484
3/28/2020 8:00,0.153209999,0.153129995,0.154290006,0.153009996,7151.040527
3/29/2020 8:00,0.153129995,0.153180003,0.154510006,0.152909994,15469.12891
3/30/2020 8:00,0.153219998,0.150429994,0.154060006,0.150030002,9669.287109
3/31/2020 8:00,0.150429994,0.149599999,0.151529998,0.149550006,51869.40625
4/1/2020 8:00,0.149599999,0.148139998,0.150680006,0.147599995,61449.98438
4/2/2020 8:00,0.148139998,0.149010003,0.15061,0.147479996,438965.3438
4/3/2020 8:00,0.149010003,0.147139996,0.149739996,0.146559998,265758.375
4/4/2020 8:00,0.147139996,0.147180006,0.147949994,0.147139996,26417.58594
4/5/2020 8:00,0.147180006,0.147009999,0.148179993,0.145999998,2602.372559
4/6/2020 8:00,0.147009999,0.146430001,0.147699997,0.146190003,50073
4/7/2020 8:00,0.146430001,0.146469995,0.147870004,0.146400005,3464.125488
4/8/2020 8:00,0.146469995,0.146400005,0.146899998,0.146400005,11029.99609
4/9/2020 8:00,0.146400005,0.148310006,0.149639994,0.146400005,0.654950023
4/10/2020 8:00,0.148310006,0.147780001,0.149230003,0.14745,51782.28906
4/11/2020 8:00,0.147780001,0.147850007,0.148159996,0.147780001,6391.999023
4/12/2020 8:00,0.147850007,0.14734,0.148660004,0.146129996,36998.46094
4/13/2020 8:00,0.14734,0.145889997,0.148139998,0.145449996,871289.0625
4/14/2020 8:00,0.145889997,0.145170003,0.146329999,0.144800007,11347.32227
4/15/2020 8:00,0.145170003,0.143030003,0.145909995,0.142619997,0.979227006
4/16/2020 8:00,0.143030003,0.142749995,0.143989995,0.142159998,285992.0625
4/17/2020 8:00,0.142749995,0.1426,0.145339996,0.142159998,240967.9219
4/18/2020 8:00,0.1426,0.143000007,0.1435,0.142509997,69751.50781
4/19/2020 8:00,0.143000007,0.14305,0.143749997,0.142550007,28821.79688
4/20/2020 8:00,0.14305,0.142240003,0.144390002,0.142039999,52887.5625
4/21/2020 8:00,0.142240003,0.141580001,0.143140003,0.141190007,7327.509277
4/22/2020 8:00,0.141580001,0.141479999,0.142379999,0.141120002,15733.84473
4/23/2020 8:00,0.141519994,0.141980007,0.14339,0.141169995,208133.5156
4/24/2020 8:00,0.141980007,0.141680002,0.142959997,0.141310006,159677.3906
4/25/2020 8:00,0.141680002,0.141749993,0.142619997,0.141680002,22.02392387
4/26/2020 8:00,0.141749993,0.141819999,0.142829999,0.140919998,72595.01563
4/27/2020 8:00,0.141819999,0.141619995,0.142619997,0.141379997,4812.754883
4/28/2020 8:00,0.141619995,0.141389996,0.14226,0.141230002,13880.53613
4/29/2020 8:00,0.141389996,0.142010003,0.14226,0.141330004,6699.19043
4/30/2020 8:00,0.142010003,0.140970007,0.143040001,0.140630007,113591.6953
5/1/2020 8:00,0.140970007,0.140709996,0.142130002,0.139249995,28635.72656
5/2/2020 8:00,0.140709996,0.140929997,0.142240003,0.140200004,54.81124115
5/3/2020 8:00,0.140929997,0.14068,0.143079996,0.140619993,29705.07227
5/4/2020 8:00,0.14068,0.140709996,0.141780004,0.136810005,219874.0313
5/5/2020 8:00,0.140709996,0.140200004,0.141450003,0.139709994,12084.1875
5/6/2020 8:00,0.140200004,0.137740001,0.140259996,0.137549996,88703.13281
5/7/2020 8:00,0.137740001,0.139760002,0.140080005,0.136519998,24295.56445
5/8/2020 8:00,0.139760002,0.13989,0.140039995,0.138390005,15195.23828
5/9/2020 8:00,0.13989,0.139950007,0.140200004,0.139569998,540.3012085
5/10/2020 8:00,0.139950007,0.138400003,0.140049994,0.137840003,711134.625
5/11/2020 8:00,0.138400003,0.138929993,0.13899,0.138150007,84343
5/12/2020 8:00,0.138929993,0.140469998,0.140829995,0.138549998,74726.125
5/13/2020 8:00,0.140469998,0.141220003,0.141599998,0.140190005,75388.57813
5/14/2020 8:00,0.141220003,0.14237,0.142920002,0.141200006,31017.28711
5/15/2020 8:00,0.14237,0.14305,0.14305,0.142030001,24772.11133
5/16/2020 8:00,0.14305,0.143220007,0.143220007,0.142820001,2016.95752
5/17/2020 8:00,0.143220007,0.1426,0.145150006,0.14249,260030.1406
5/18/2020 8:00,0.1426,0.144050002,0.144889995,0.142570004,333691.5313
5/19/2020 8:00,0.144050002,0.145970002,0.146469995,0.143580005,14647.30078
5/20/2020 8:00,0.145970002,0.146019995,0.146170005,0.145699993,10930.69824
5/21/2020 8:00,0.146019995,0.145679995,0.1461,0.145319998,1090.336182
5/22/2020 8:00,0.145679995,0.145199999,0.145699993,0.145180002,376.0756226
5/23/2020 8:00,0.145199999,0.145199999,0.145199999,0.145180002,636.1786499
5/24/2020 8:00,0.145199999,0.14553,0.145569995,0.144999996,14900.15234
5/25/2020 8:00,0.14553,0.145439997,0.145640001,0.144789994,5051.561035
5/26/2020 8:00,0.145439997,0.147039995,0.147650003,0.145400003,133602.7656
5/27/2020 8:00,0.147039995,0.146090001,0.147039995,0.145999998,0
5/28/2020 8:00,0.146090001,0.145329997,0.147039995,0.145170003,27397.81836
5/29/2020 8:00,0.145329997,0.145270005,0.145769998,0.144940004,214861.8906
5/30/2020 8:00,0.145270005,0.145999998,0.14869,0.145199999,111079.7188
5/31/2020 8:00,0.145999998,0.145909995,0.146249995,0.143519998,83609.33594
6/1/2020 8:00,0.145909995,0.146439999,0.146439999,0.145669997,50167.90234
6/2/2020 8:00,0.146439999,0.149859995,0.150399998,0.146439999,254933.6875
6/3/2020 8:00,0.149859995,0.147049993,0.150079995,0.146510005,165875.2656
6/4/2020 8:00,0.147049993,0.146939993,0.148090005,0.146290004,27322.23633
6/5/2020 8:00,0.146939993,0.146840006,0.148629993,0.14576,41643.33594
6/6/2020 8:00,0.146840006,0.146840006,0.147180006,0.146349996,182.2752533
6/7/2020 8:00,0.146840006,0.146850005,0.146939993,0.146469995,174.0122528
6/8/2020 8:00,0.146850005,0.146760002,0.146970004,0.146339998,105.0064316
6/9/2020 8:00,0.146760002,0.146430001,0.146870002,0.146039993,562.2285156
6/10/2020 8:00,0.146430001,0.146909997,0.147019997,0.146290004,620.5726318
6/11/2020 8:00,0.146909997,0.145190001,0.147019997,0.144859999,44540.39844
6/12/2020 8:00,0.145190001,0.145569995,0.145930007,0.144409999,127150.8203
6/13/2020 8:00,0.145569995,0.145569995,0.145669997,0.145199999,21497.75
6/14/2020 8:00,0.145569995,0.145370007,0.146349996,0.143240005,30066.95703
6/15/2020 8:00,0.145370007,0.144569993,0.145370007,0.14373,262271.3438
6/16/2020 8:00,0.144569993,0.145229995,0.145799994,0.143940002,171306.75
6/17/2020 8:00,0.145229995,0.144879997,0.146349996,0.144510001,3721.475342
6/18/2020 8:00,0.144879997,0.14395,0.144879997,0.143059999,52150.52344
6/19/2020 8:00,0.14395,0.144010007,0.144679993,0.135440007,36531.38672
6/20/2020 8:00,0.144010007,0.144010007,0.144030005,0.142499998,1.79609704
6/21/2020 8:00,0.144010007,0.144069999,0.146270007,0.143370003,32751.875
6/22/2020 8:00,0.144069999,0.144600004,0.144810006,0.143659994,94758.1875
6/23/2020 8:00,0.144600004,0.144610003,0.145060003,0.144079998,41895.31641
6/24/2020 8:00,0.144610003,0.144390002,0.145429999,0.144260004,55194.30469
6/25/2020 8:00,0.144390002,0.143859997,0.144439995,0.142920002,356313.1875
6/26/2020 8:00,0.143859997,0.14373,0.144209996,0.143099993,11973.19629
6/27/2020 8:00,0.14373,0.143610001,0.144299999,0.143189996,299970.5625
6/28/2020 8:00,0.143610001,0.143480003,0.144800007,0.140100002,265738.5
6/29/2020 8:00,0.143480003,0.1435,0.144099995,0.142230004,81115.96094
6/30/2020 8:00,0.1435,0.144260004,0.145060003,0.140760005,174396.3594
7/1/2020 8:00,0.144260004,0.144319996,0.14553,0.142409995,49417.46094
7/2/2020 8:00,0.144319996,0.144529998,0.145140007,0.144050002,44592.39844
7/3/2020 8:00,0.144529998,0.14429,0.144810006,0.141530007,3736.331787
7/4/2020 8:00,0.14429,0.144250005,0.144299999,0.141709998,40.05407333
7/5/2020 8:00,0.144250005,0.144199997,0.146160007,0.141660005,2108.642578
7/6/2020 8:00,0.144199997,0.144339994,0.145410001,0.143519998,191282.9375
7/7/2020 8:00,0.144339994,0.145459995,0.145649999,0.143999994,161828.0313
7/8/2020 8:00,0.145459995,0.145730004,0.147149995,0.144569993,38136.41406
7/9/2020 8:00,0.145730004,0.145649999,0.145809993,0.144620001,5386.111816
7/10/2020 8:00,0.145649999,0.145510003,0.145679995,0.144600004,5584.416016
7/11/2020 8:00,0.145510003,0.145410001,0.145510003,0.144869998,1326.767456
7/12/2020 8:00,0.145410001,0.14531,0.145410001,0.144749999,2669.206787
7/13/2020 8:00,0.14531,0.145370007,0.146139994,0.144759998,831.8209839
7/14/2020 8:00,0.145370007,0.145229995,0.145370007,0.144679993,5066.687012
7/15/2020 8:00,0.145229995,0.144850001,0.145459995,0.144500002,8954.613281
7/16/2020 8:00,0.144850001,0.14418,0.145260006,0.144109994,33830.4375
7/17/2020 8:00,0.14418,0.144040003,0.144820005,0.141389996,21840.18164
7/18/2020 8:00,0.144040003,0.144030005,0.144899994,0.142719999,1438.298462
7/19/2020 8:00,0.144030005,0.144260004,0.145009995,0.143920004,2416.41748
7/20/2020 8:00,0.144260004,0.144219995,0.145040005,0.143859997,3935.087891
7/21/2020 8:00,0.144219995,0.144510001,0.146259993,0.142729998,41248.72656
7/22/2020 8:00,0.144510001,0.144360006,0.146339998,0.141440004,12079.94043
7/23/2020 8:00,0.144360006,0.1461,0.146750003,0.142989993,222167.0938
7/24/2020 8:00,0.1461,0.146149993,0.14914,0.145160004,3100.340088
7/25/2020 8:00,0.146149993,0.146149993,0.146390006,0.146119997,4882.351563
7/26/2020 8:00,0.146149993,0.146109998,0.146380007,0.145539999,1605.353271
7/27/2020 8:00,0.146109998,0.145089999,0.146489993,0.143480003,90172.40625
7/28/2020 8:00,0.145089999,0.144050002,0.145349994,0.143110007,3647.719727
7/29/2020 8:00,0.144050002,0.143230006,0.145449996,0.141660005,7707.253906
7/30/2020 8:00,0.143230006,0.141259998,0.143350005,0.140019998,169166.7656
7/31/2020 8:00,0.141259998,0.141369998,0.142159998,0.13989,36995.24609
8/1/2020 8:00,0.141369998,0.141479999,0.143849999,0.13651,172740.5
8/2/2020 8:00,0.141479999,0.141059995,0.143370003,0.139320001,2023.108276
8/3/2020 8:00,0.141059995,0.141540006,0.142820001,0.139109999,2665.34668
8/4/2020 8:00,0.141540006,0.142450005,0.144189999,0.140440002,15101.30664
8/5/2020 8:00,0.142450005,0.140049994,0.143700004,0.138190001,62151.32031
8/6/2020 8:00,0.140049994,0.13854,0.140890002,0.136639997,71252.28906
8/7/2020 8:00,0.13854,0.137429997,0.140400007,0.135499999,13701.24805
8/8/2020 8:00,0.137429997,0.137459993,0.137549996,0.136649996,909.2092285
8/9/2020 8:00,0.137459993,0.135810003,0.138940006,0.134819999,25206.0957
8/10/2020 8:00,0.135810003,0.135910004,0.138119996,0.135220006,22178.62305
8/11/2020 8:00,0.135910004,0.137879997,0.138520002,0.135810003,94882.64844
8/12/2020 8:00,0.137879997,0.136069998,0.138329998,0.135000005,2536.501953
8/13/2020 8:00,0.136069998,0.135859996,0.136700004,0.135399997,36963.90234
8/14/2020 8:00,0.135859996,0.13527,0.1417,0.134130001,1904.470825
8/15/2020 8:00,0.13527,0.135409996,0.1417,0.134310007,13068.91016
8/16/2020 8:00,0.135409996,0.13549,0.137419999,0.135370001,361.5690613
8/17/2020 8:00,0.13549,0.135169998,0.140839994,0.134169996,19637.94727
8/18/2020 8:00,0.135169998,0.134770006,0.135879993,0.133379996,335459.2188
8/19/2020 8:00,0.134770006,0.135949999,0.137909994,0.13335,144891.0313
8/20/2020 8:00,0.135949999,0.136020005,0.139400005,0.134859994,4286.179199
8/21/2020 8:00,0.136020005,0.135820001,0.138370007,0.134499997,2293.981689
8/22/2020 8:00,0.135820001,0.135739997,0.135869995,0.134770006,99242.28125
8/23/2020 8:00,0.135739997,0.134849995,0.135969996,0.134110004,225755.0781
8/24/2020 8:00,0.134849995,0.133300006,0.13617,0.133129999,34909.65234
8/25/2020 8:00,0.133300006,0.132850006,0.133790001,0.132679999,11151.0625
8/26/2020 8:00,0.132850006,0.133729994,0.13436,0.132850006,56112.52344
8/27/2020 8:00,0.133729994,0.133650005,0.134849995,0.132819995,49453.40625
8/28/2020 8:00,0.133650005,0.134189993,0.135250002,0.132100001,81924.42188
8/29/2020 8:00,0.134189993,0.134379998,0.135399997,0.134110004,272868.9063
8/30/2020 8:00,0.134379998,0.134550005,0.135690004,0.134379998,218235.1406
8/31/2020 8:00,0.134550005,0.134629995,0.135299996,0.133939996,155836.125
9/1/2020 8:00,0.134629995,0.134719998,0.135330006,0.133980006,114619.9766
9/2/2020 8:00,0.134719998,0.134220004,0.134910002,0.132799998,54188.40234
9/3/2020 8:00,0.134220004,0.132939994,0.135519996,0.132190004,273283.2813
9/4/2020 8:00,0.132939994,0.131520003,0.133550003,0.130480006,607282.125
9/5/2020 8:00,0.131520003,0.131380007,0.132709995,0.129979998,1780.777588
9/6/2020 8:00,0.131380007,0.131870002,0.132699996,0.130199999,3218.80957
9/7/2020 8:00,0.131870002,0.131219998,0.133169994,0.130500004,865353
9/8/2020 8:00,0.131219998,0.130919993,0.134059995,0.127700001,18356.32813
9/9/2020 8:00,0.130919993,0.131180003,0.131899998,0.129930004,463604.2188
9/10/2020 8:00,0.131180003,0.131799996,0.133200005,0.130730003,231802.7813
9/11/2020 8:00,0.131799996,0.131469995,0.132719994,0.130850002,128646.1641
9/12/2020 8:00,0.131469995,0.131569996,0.132440001,0.131160006,185059.4219
9/13/2020 8:00,0.131569996,0.131679997,0.132949993,0.130679995,113662.7344
9/14/2020 8:00,0.131679997,0.131549999,0.132300004,0.130769998,23459.08203
9/15/2020 8:00,0.131549999,0.131080002,0.132049993,0.130940005,361.0156555
9/16/2020 8:00,0.131080002,0.131439999,0.134179994,0.129050002,2453.405029
9/17/2020 8:00,0.131439999,0.130140007,0.133839995,0.129189998,188297.5625
9/18/2020 8:00,0.130140007,0.131300002,0.1329,0.130129993,73429.24219
9/19/2020 8:00,0.131300002,0.131290004,0.134350002,0.13053,29471.81836
9/20/2020 8:00,0.131290004,0.131109998,0.132540002,0.130290002,2422.224121
9/21/2020 8:00,0.131109998,0.129789993,0.13154,0.129270002,80751.3125
9/22/2020 8:00,0.129789993,0.12906,0.131219998,0.128299996,11575.31348
9/23/2020 8:00,0.12906,0.128490001,0.131990001,0.126220003,38935.91016
9/24/2020 8:00,0.128490001,0.130019993,0.132839993,0.127629995,196251.2188
9/25/2020 8:00,0.130019993,0.129720002,0.174700007,0.094800003,164880
9/26/2020 8:00,0.129720002,0.129749998,0.132770002,0.129219994,15163.9209
9/27/2020 8:00,0.129749998,0.129610002,0.131549999,0.12714,33696.81641
9/28/2020 8:00,0.129610002,0.127509996,0.130429998,0.126660004,129896.9766
9/29/2020 8:00,0.127509996,0.127189994,0.128580004,0.126350001,26550.5625
9/30/2020 8:00,0.127189994,0.128920004,0.129940003,0.127000004,2239.303223
10/1/2020 8:00,0.128920004,0.128299996,0.131249994,0.127499998,2306.455078
10/2/2020 8:00,0.128299996,0.128059998,0.129189998,0.127460003,849.5112915
10/3/2020 8:00,0.128059998,0.128049999,0.131559998,0.127000004,497.2870483
10/4/2020 8:00,0.128049999,0.12816,0.130740002,0.127379999,373.1236267
10/5/2020 8:00,0.12816,0.128189996,0.128780007,0.127780005,1218.624634
10/6/2020 8:00,0.128189996,0.127609998,0.130060002,0.126900002,1710.84375
10/7/2020 8:00,0.127609998,0.126200005,0.127800003,0.125569999,16016.20508
10/8/2020 8:00,0.126200005,0.126010001,0.126719996,0.124700002,186171.8438
10/9/2020 8:00,0.126010001,0.127189994,0.127670005,0.12579,621.0460815
10/10/2020 8:00,0.127189994,0.127189994,0.127900004,0.127169997,115.6683426
10/11/2020 8:00,0.127189994,0.12714,0.133780003,0.126650006,96.71045685
10/12/2020 8:00,0.12714,0.126890004,0.128830001,0.126210004,370.4147339
10/13/2020 8:00,0.126890004,0.126300007,0.127059996,0.125560001,27236.33203
10/14/2020 8:00,0.126300007,0.126379997,0.130930007,0.125300005,38557.10547
10/15/2020 8:00,0.126379997,0.125909999,0.130500004,0.125100002,281.3949585
10/16/2020 8:00,0.125909999,0.126230001,0.12748,0.125290006,139.434845
10/17/2020 8:00,0.126230001,0.126090005,0.129460007,0.125229999,417.0899353
10/18/2020 8:00,0.126090005,0.126110002,0.126269996,0.125269994,345.1096191
10/19/2020 8:00,0.126110002,0.126589999,0.126760006,0.125249997,1116.164917
10/20/2020 8:00,0.126589999,0.126859993,0.127289996,0.125510007,818.2556152
10/21/2020 8:00,0.126859993,0.12771,0.128140002,0.125970006,3386.25
10/22/2020 8:00,0.12771,0.125479996,0.129779994,0.124849997,120147.3438
10/23/2020 8:00,0.125479996,0.125740007,0.128099993,0.124849997,31689.85547
10/24/2020 8:00,0.125740007,0.125719994,0.126110002,0.125709996,386.5384827
10/25/2020 8:00,0.125719994,0.125530005,0.128169999,0.125520006,324.1293335
10/26/2020 8:00,0.125530005,0.123690002,0.128800005,0.123620003,2191.487305
10/27/2020 8:00,0.123690002,0.122170001,0.124820001,0.121600002,1336.019409
10/28/2020 8:00,0.122170001,0.120849997,0.123719998,0.119970001,39655.51563
10/29/2020 8:00,0.120849997,0.120360002,0.121119998,0.119400002,4007.327393
10/30/2020 8:00,0.120360002,0.119570002,0.121950001,0.118299998,61096.32031
10/31/2020 8:00,0.119570002,0.119570002,0.120250002,0.119460002,71.10964966
11/1/2020 8:00,0.119570002,0.119199999,0.11987,0.119029999,28.54431915
11/2/2020 8:00,0.119199999,0.117470004,0.120140001,0.11558,2142.364014
11/3/2020 8:00,0.117470004,0.117190003,0.118550003,0.115889996,3481.186523
11/4/2020 8:00,0.117190003,0.117179997,0.11913,0.111110002,31447.09375
11/5/2020 8:00,0.117179997,0.117509998,0.118620001,0.116729997,27635.0918
11/6/2020 8:00,0.117509998,0.117640004,0.121459998,0.115359999,98564.42188
11/7/2020 8:00,0.117640004,0.117590003,0.119319998,0.114780001,85899.39844
11/8/2020 8:00,0.117590003,0.118600003,0.120290004,0.116010003,1762.790039
11/9/2020 8:00,0.118600003,0.123580001,0.125960007,0.118079998,1678.424805
11/10/2020 8:00,0.123580001,0.122340001,0.125400007,0.118560001,26378.30664
11/11/2020 8:00,0.122340001,0.128350005,0.135260001,0.121739998,2055.50293
11/12/2020 8:00,0.128350005,0.130329996,0.130850002,0.126220003,3223.599609
11/13/2020 8:00,0.130329996,0.130909994,0.131929994,0.129299998,395.1315002
11/14/2020 8:00,0.130909994,0.130899996,0.131300002,0.129449993,2684.898682
11/15/2020 8:00,0.130899996,0.130229995,0.131239995,0.128020003,191201.3438
11/16/2020 8:00,0.130229995,0.129610002,0.1329,0.127839997,43977.45703
11/17/2020 8:00,0.129610002,0.130050004,0.130360007,0.127690002,91143.58594
11/18/2020 8:00,0.130050004,0.130510002,0.131659999,0.127829999,131483.3906
11/19/2020 8:00,0.130510002,0.133210003,0.134460002,0.129209995,17465.77148
11/20/2020 8:00,0.133210003,0.131109998,0.134020001,0.130050004,6447.910156
11/21/2020 8:00,0.131109998,0.130889997,0.131760001,0.130309999,223161.8594
11/22/2020 8:00,0.130889997,0.130480006,0.131600007,0.129889995,165569.0156
11/23/2020 8:00,0.130480006,0.126489997,0.135049999,0.125379995,150548.8594
11/24/2020 8:00,0.126489997,0.124969997,0.127309993,0.123269998,3266.778564
11/25/2020 8:00,0.124969997,0.126100004,0.127020001,0.123750001,10105.3457
11/26/2020 8:00,0.126100004,0.124509998,0.127859995,0.122620001,502384.5313
11/27/2020 8:00,0.124509998,0.125670001,0.129010007,0.123319998,1434.499756
11/28/2020 8:00,0.125670001,0.126880005,0.129789993,0.123690002,34716.78125
11/29/2020 8:00,0.126880005,0.126739994,0.1285,0.125239998,565.0818481
11/30/2020 8:00,0.126739994,0.127409995,0.131040007,0.12156,309104.5313
12/1/2020 8:00,0.127409995,0.128289998,0.129219994,0.125459999,228123.4219
12/2/2020 8:00,0.128289998,0.127179995,0.129390001,0.125579998,3169.855469
12/3/2020 8:00,0.127179995,0.12827,0.12895,0.124519996,18697.45703
12/4/2020 8:00,0.12827,0.128020003,0.129669994,0.126010001,766.8838501
12/5/2020 8:00,0.128020003,0.127210006,0.128419995,0.127079993,2054.095947
12/6/2020 8:00,0.127210006,0.127159998,0.127230003,0.127149999,40.48456955
12/7/2020 8:00,0.127159998,0.127309993,0.127540007,0.125909999,57665.94141
12/8/2020 8:00,0.127309993,0.126859993,0.127440006,0.126039997,1148.828857
12/9/2020 8:00,0.126859993,0.126819998,0.127289996,0.125540003,181.3456726
12/10/2020 8:00,0.126819998,0.125780001,0.126819998,0.12438,3987.756592
12/11/2020 8:00,0.125780001,0.126420006,0.127350003,0.118969999,6733.726074
12/12/2020 8:00,0.126420006,0.126450002,0.127100006,0.125740007,892.5289307
12/13/2020 8:00,0.126450002,0.12669,0.127869993,0.126450002,69249.125
12/14/2020 8:00,0.12669,0.126279995,0.126829997,0.125239998,141278.2813
12/15/2020 8:00,0.126279995,0.126589999,0.126819998,0.12545,23556.38867
12/16/2020 8:00,0.126589999,0.128130004,0.128490001,0.125719994,425503.1563
12/17/2020 8:00,0.128130004,0.130219996,0.131669998,0.126650006,44719.80469
12/18/2020 8:00,0.130219996,0.131170005,0.132430002,0.12782,850.890625
12/19/2020 8:00,0.131170005,0.131290004,0.132049993,0.129879996,261.8257446
12/20/2020 8:00,0.131290004,0.129789993,0.132860005,0.128900006,210011.4531
12/21/2020 8:00,0.129789993,0.129879996,0.132430002,0.124870002,116286.6484
12/22/2020 8:00,0.129879996,0.129629999,0.130960003,0.127580002,107112.4844
12/23/2020 8:00,0.129629999,0.129960001,0.132019997,0.126719996,11098.67969
12/24/2020 8:00,0.129960001,0.130899996,0.132159993,0.126719996,1331.678101
12/25/2020 8:00,0.130899996,0.131530002,0.142649993,0.12348,57690.41797
12/26/2020 8:00,0.131530002,0.131559998,0.132589996,0.130150005,12419.9082
12/27/2020 8:00,0.131559998,0.131119996,0.132410005,0.128460005,8579.705078
12/28/2020 8:00,0.131119996,0.133399993,0.134790003,0.128900006,484.6322021
12/29/2020 8:00,0.133399993,0.134189993,0.135100007,0.132210001,149426.7969
12/30/2020 8:00,0.134189993,0.13448,0.139320001,0.129639998,40842.58984
12/31/2020 8:00,0.13448,0.13346,0.135210007,0.131850004,87353.00781
1/1/2021 8:00,0.13346,0.133570001,0.135079995,0.131490007,79234.125
1/2/2021 8:00,0.133570001,0.133729994,0.135340005,0.131640002,112099.4141
1/3/2021 8:00,0.133729994,0.134010002,0.138099998,0.130490005,217801.3438
1/4/2021 8:00,0.134010002,0.13369,0.140000001,0.129999995,98172.14844
1/5/2021 8:00,0.13369,0.13448,0.137899995,0.129999995,97769.67188
1/6/2021 8:00,0.13448,0.136260003,0.137720004,0.131400004,294988.2813
1/7/2021 8:00,0.136260003,0.135299996,0.137989998,0.130689994,125485.0625
1/8/2021 8:00,0.135299996,0.134259999,0.135690004,0.130590007,736985.1875
1/9/2021 8:00,0.134259999,0.133259997,0.134269997,0.131369993,550942
1/10/2021 8:00,0.133259997,0.13346,0.136000007,0.131150007,543662.8125
1/11/2021 8:00,0.13346,0.130630001,0.133599997,0.123020001,755406.875
1/12/2021 8:00,0.130630001,0.131679997,0.133660004,0.1294,907656
1/13/2021 8:00,0.131679997,0.133629993,0.134110004,0.129999995,1199710.625
1/14/2021 8:00,0.133629993,0.134409994,0.135260001,0.131999999,699886.6875
1/15/2021 8:00,0.134409994,0.132400006,0.134900004,0.130569994,614422.125
1/16/2021 8:00,0.132400006,0.133530006,0.135210007,0.131080002,528333
1/17/2021 8:00,0.133530006,0.132440001,0.134100005,0.131520003,797397.1875
1/18/2021 8:00,0.132440001,0.132249996,0.133019999,0.131249994,143600.125
1/19/2021 8:00,0.132249996,0.132719994,0.133550003,0.13177,528376.375
1/20/2021 8:00,0.132719994,0.132760003,0.133450001,0.131999999,657341.5625
1/21/2021 8:00,0.132760003,0.133699998,0.134039998,0.132400006,575873.8125
1/22/2021 8:00,0.133699998,0.133699998,0.134000003,0.132699996,772555.5625
1/23/2021 8:00,0.133699998,0.134029999,0.134279996,0.133320004,495040.75
1/24/2021 8:00,0.134029999,0.134570003,0.136480004,0.133709997,490030.8438
1/25/2021 8:00,0.134570003,0.13504,0.138319999,0.134440005,689928.125
1/26/2021 8:00,0.13504,0.13527,0.135869995,0.133599997,747416.125
1/27/2021 8:00,0.13527,0.13448,0.135460004,0.133320004,184739.3438
1/28/2021 8:00,0.13448,0.136250004,0.137349993,0.134159997,1018857.5
1/29/2021 8:00,0.136250004,0.1373,0.139919996,0.135539994,1602095.125
1/30/2021 8:00,0.1373,0.137999997,0.138799995,0.136700004,736991.4375
1/31/2021 8:00,0.137999997,0.137700006,0.139870003,0.136500001,845590.75
2/1/2021 8:00,0.137700006,0.139019996,0.140509993,0.136879995,759675.75
2/2/2021 8:00,0.139019996,0.139589995,0.141139999,0.1382,367588.125
2/3/2021 8:00,0.139589995,0.140540004,0.142309994,0.137600005,616012.9375
2/4/2021 8:00,0.140540004,0.140550002,0.142649993,0.139899999,535013
2/5/2021 8:00,0.140550002,0.141430005,0.143439993,0.140499994,773151
2/6/2021 8:00,0.141430005,0.14091,0.142509997,0.139770001,615358.8125
2/7/2021 8:00,0.14091,0.140890002,0.141599998,0.140290007,397455.7188
2/8/2021 8:00,0.140890002,0.141069993,0.142279997,0.139310002,945847.125
2/9/2021 8:00,0.141069993,0.141230002,0.142379999,0.140400007,203954.0625
2/10/2021 8:00,0.141230002,0.140860006,0.142470002,0.139090002,1282724.25
2/11/2021 8:00,0.140860006,0.140980005,0.142609999,0.140200004,314794.75
2/12/2021 8:00,0.140980005,0.141240001,0.1417,0.140300006,60436.64844
2/13/2021 8:00,0.141240001,0.140699998,0.1417,0.140400007,606651.0625
2/14/2021 8:00,0.140699998,0.140660003,0.141220003,0.139599994,1082450.625
2/15/2021 8:00,0.140660003,0.141080007,0.141100004,0.138669997,2219779.75
2/16/2021 8:00,0.141080007,0.141029999,0.142660007,0.139960006,387374.3125
2/17/2021 8:00,0.141029999,0.142269999,0.142399997,0.140019998,1065414.25
2/18/2021 8:00,0.142269999,0.142519996,0.143230006,0.14057,611518.375
2/19/2021 8:00,0.142519996,0.142590001,0.143179998,0.14181,196064.3125
2/20/2021 8:00,0.142590001,0.142159998,0.143059999,0.14192,299508.2188
2/21/2021 8:00,0.142159998,0.141589999,0.142460003,0.141000003,644867
2/22/2021 8:00,0.141589999,0.139730006,0.141800001,0.137349993,2574072.25
2/23/2021 8:00,0.139730006,0.137789994,0.139960006,0.135879993,2233885.75
2/24/2021 8:00,0.137789994,0.137349993,0.138600007,0.134440005,952893.125
2/25/2021 8:00,0.137349993,0.135299996,0.1382,0.133929998,1198833.625
2/26/2021 8:00,0.135299996,0.133530006,0.135399997,0.131190002,1279672.875
2/27/2021 8:00,0.133530006,0.133640006,0.134059995,0.132699996,192235.6094
2/28/2021 8:00,0.133640006,0.132489994,0.133900002,0.131129995,1513861.25
3/1/2021 8:00,0.132489994,0.135989994,0.136399999,0.132489994,1086863.75
3/2/2021 8:00,0.135989994,0.135879993,0.136840001,0.1347,1025949.438
3/3/2021 8:00,0.135879993,0.135000005,0.137290001,0.134200007,819411.1875
3/4/2021 8:00,0.135000005,0.132829994,0.135700002,0.132070005,1020521.938
3/5/2021 8:00,0.132829994,0.132080004,0.133100003,0.130809993,427306.7188
3/6/2021 8:00,0.132080004,0.132100001,0.132459998,0.131630003,2164.878906
3/7/2021 8:00,0.132100001,0.1338,0.1338,0.131669998,597928.875
3/8/2021 8:00,0.1338,0.129940003,0.134259999,0.129409999,192559.625
3/9/2021 8:00,0.129940003,0.132709995,0.133230001,0.129319996,511417.0938
3/10/2021 8:00,0.132709995,0.133499995,0.133670002,0.131300002,1445388.5
3/11/2021 8:00,0.133499995,0.133860007,0.134169996,0.132080004,406772.375
3/12/2021 8:00,0.133860007,0.132090002,0.134169996,0.130700007,373408.5313
3/13/2021 8:00,0.132090002,0.132400006,0.132980004,0.130889997,232796.1406
3/14/2021 8:00,0.132400006,0.132489994,0.133090004,0.131840006,150022.6719
3/15/2021 8:00,0.132489994,0.131180003,0.132909998,0.129910007,1218332.25
3/16/2021 8:00,0.131180003,0.13222,0.132359996,0.130380005,603112.625
3/17/2021 8:00,0.13222,0.132650003,0.132699996,0.130099997,661605.6875
3/18/2021 8:00,0.132650003,0.135710001,0.137290001,0.131799996,394110.1875
3/19/2021 8:00,0.135710001,0.137620002,0.138300002,0.135000005,69437.55469
3/20/2021 8:00,0.137620002,0.135920003,0.137799993,0.134900004,863175.75
3/21/2021 8:00,0.135920003,0.130999997,0.152380005,0.111129999,7330845.5
3/22/2021 8:00,0.130999997,0.125310004,0.148000002,0.123499997,1257184
3/23/2021 8:00,0.125310004,0.123400003,0.127379999,0.122599997,409784.2188
3/24/2021 8:00,0.123400003,0.124410003,0.126980007,0.11761,647284.625
3/25/2021 8:00,0.124410003,0.122529998,0.125990003,0.112199999,228099.7031
3/26/2021 8:00,0.122529998,0.122299999,0.125,0.118000001,1534274.375
3/27/2021 8:00,0.122299999,0.123510003,0.125,0.118000001,605330.875
3/28/2021 8:00,0.123510003,0.124300003,0.124600001,0.122919999,290371.5625
3/29/2021 8:00,0.124300003,0.121710002,0.127000004,0.118000001,363397.1563
3/30/2021 8:00,0.121710002,0.121090002,0.125,0.119999997,347232.5625
3/31/2021 8:00,0.121090002,0.120909996,0.121600002,0.119649999,563354.75
4/1/2021 8:00,0.120909996,0.121699996,0.122599997,0.120209999,737234.25
4/2/2021 8:00,0.121699996,0.120920002,0.123920001,0.1206,59817.57422
4/3/2021 8:00,0.120920002,0.120679997,0.121830001,0.120679997,838503.625
4/4/2021 8:00,0.120679997,0.12094,0.121260002,0.119900003,60250.19141
4/5/2021 8:00,0.12094,0.121650003,0.122029997,0.120240003,727542.375
4/6/2021 8:00,0.121650003,0.120169997,0.121650003,0.118809998,1498088.125
4/7/2021 8:00,0.120169997,0.119599998,0.120300002,0.11812,1439904.125
4/8/2021 8:00,0.119599998,0.120829999,0.121030003,0.119000003,1252673.625
4/9/2021 8:00,0.120829999,0.120739996,0.121320002,0.119999997,487356.1563
4/10/2021 8:00,0.120739996,0.120999999,0.12128,0.120099999,496426.5313
4/11/2021 8:00,0.120999999,0.120609999,0.121459998,0.11953,307493.5313
4/12/2021 8:00,0.120609999,0.121770002,0.122239999,0.119999997,361502.375
4/13/2021 8:00,0.121770002,0.123460002,0.123829998,0.121440001,613450.5625
4/14/2021 8:00,0.123460002,0.122900002,0.124090001,0.122129999,628161.5
4/15/2021 8:00,0.122900002,0.124070004,0.12421,0.121919997,112924.8438
4/16/2021 8:00,0.124070004,0.123470001,0.12449,0.122419998,70209.59375
4/17/2021 8:00,0.123470001,0.12286,0.124229997,0.122539997,219586.5781
4/18/2021 8:00,0.12286,0.12077,0.123800002,0.118900001,3675514
4/19/2021 8:00,0.12077,0.121289998,0.121789999,0.11992,1031523.688
4/20/2021 8:00,0.121289998,0.122900002,0.12314,0.119960003,719162.5
4/21/2021 8:00,0.122900002,0.121650003,0.12291,0.121009998,17064.97852
4/22/2021 8:00,0.121650003,0.119960003,0.121919997,0.119170003,3059598.75
4/23/2021 8:00,0.119960003,0.119520001,0.120800003,0.11902,1478881
4/24/2021 8:00,0.119520001,0.119570002,0.119900003,0.118890002,1281861.25
4/25/2021 8:00,0.119570002,0.119599998,0.1206,0.118600003,250645.4531
4/26/2021 8:00,0.119599998,0.122529998,0.122900002,0.118799999,1999736.5
4/27/2021 8:00,0.122529998,0.122869998,0.123659998,0.122359999,3896780
4/28/2021 8:00,0.122869998,0.122620001,0.123790003,0.122280002,2315738.25
4/29/2021 8:00,0.122620001,0.121820003,0.12353,0.121600002,4157888.75
4/30/2021 8:00,0.121820003,0.120700002,0.121940002,0.120609999,4329.240234
5/1/2021 8:00,0.120700002,0.120410003,0.121890001,0.120099999,10429.74316
5/2/2021 8:00,0.120410003,0.121229999,0.121600002,0.119970001,6809.385254
5/3/2021 8:00,0.121229999,0.120609999,0.121420003,0.11998,2200336.75
5/4/2021 8:00,0.120609999,0.119319998,0.12088,0.11868,2089861.75
5/5/2021 8:00,0.119319998,0.119630001,0.119819999,0.118139997,3333216.25
5/6/2021 8:00,0.119630001,0.120399997,0.120669998,0.118989997,1498974.875
5/7/2021 8:00,0.120399997,0.120569997,0.12111,0.119999997,129857.4688
5/8/2021 8:00,0.120569997,0.121080004,0.121699996,0.119499996,185634.1563
5/9/2021 8:00,0.121080004,0.119630001,0.121399999,0.118950002,3632107.5
5/10/2021 8:00,0.119630001,0.119099997,0.120279998,0.118699998,93916.82031
5/11/2021 8:00,0.119099997,0.119060002,0.119620003,0.117830001,2202404.75
5/12/2021 8:00,0.119060002,0.11761,0.119199999,0.116690002,3300314
5/13/2021 8:00,0.11761,0.115390003,0.117760003,0.114239998,6680358.5
5/14/2021 8:00,0.115390003,0.117899999,0.118100002,0.114210002,3527891.25
5/15/2021 8:00,0.117899999,0.117930003,0.118699998,0.116659999,203449.2344
5/16/2021 8:00,0.117930003,0.118670002,0.118720002,0.116460003,90894.40625
5/17/2021 8:00,0.118670002,0.119860001,0.12015,0.117040001,2582660.5
5/18/2021 8:00,0.119860001,0.119120002,0.120190002,0.118170001,83771.82813
5/19/2021 8:00,0.119120002,0.118299998,0.119999997,0.115180001,7121344
5/20/2021 8:00,0.118299998,0.118699998,0.11913,0.116070002,11773352
5/21/2021 8:00,0.118699998,0.117980003,0.119329996,0.116700001,762352.625
5/22/2021 8:00,0.117980003,0.117420003,0.118819997,0.116130002,87811.57813
5/23/2021 8:00,0.117420003,0.117420003,0.118709996,0.115950003,7837094
5/24/2021 8:00,0.117420003,0.11823,0.11868,0.11665,1103811
5/25/2021 8:00,0.11823,0.117449999,0.118770003,0.11699,20190.38672
5/26/2021 8:00,0.117449999,0.117370002,0.118330002,0.115800001,1471775.625
5/27/2021 8:00,0.117370002,0.11682,0.118150003,0.116140001,2021001.875
5/28/2021 8:00,0.11682,0.115960002,0.116970003,0.115350001,125063.1406
5/29/2021 8:00,0.115960002,0.11547,0.11631,0.115120001,37297.37109
5/30/2021 8:00,0.11547,0.115790002,0.115800001,0.115099996,20709.85742
5/31/2021 8:00,0.115790002,0.117040001,0.117389999,0.115570001,833164.6875
6/1/2021 8:00,0.117040001,0.115340002,0.117380001,0.112790003,2290910.75
6/2/2021 8:00,0.115340002,0.115680002,0.116599999,0.114600003,2699221.5
6/3/2021 8:00,0.115680002,0.114179999,0.11592,0.113710001,1848134.75
6/4/2021 8:00,0.114179999,0.114859998,0.115099996,0.113710001,1253317.75
6/5/2021 8:00,0.114859998,0.115060002,0.11541,0.114299998,6662.073242
6/6/2021 8:00,0.115060002,0.114940003,0.115319997,0.114299998,41653.15234
6/7/2021 8:00,0.114940003,0.115500003,0.115900002,0.114359997,48510.34375
6/8/2021 8:00,0.115500003,0.115570001,0.116099998,0.11496,384626.3438
6/9/2021 8:00,0.115570001,0.115879998,0.116300002,0.115099996,825001
6/10/2021 8:00,0.115879998,0.118000001,0.118280001,0.11564,674770.8125
6/11/2021 8:00,0.118000001,0.118519999,0.119779997,0.117590003,354826.8438
6/12/2021 8:00,0.118519999,0.118490003,0.118780002,0.117600001,7504.76709
6/13/2021 8:00,0.118490003,0.11885,0.119199999,0.118000001,5672.64209
6/14/2021 8:00,0.11885,0.118089996,0.119800001,0.117600001,3393658.75
6/15/2021 8:00,0.118110001,0.116789997,0.11829,0.116350003,1822126.125
6/16/2021 8:00,0.116789997,0.115910001,0.117590003,0.115630001,1384402.125
6/17/2021 8:00,0.115910001,0.114639997,0.116080001,0.114519998,16399.69336
6/18/2021 8:00,0.11473,0.114390001,0.11541,0.113949999,457828.8125
6/19/2021 8:00,0.114390001,0.114,0.114399999,0.114,8783.865234
6/20/2021 8:00,0.114,0.113700002,0.114399999,0.113200001,1275631.75
6/21/2021 8:00,0.113700002,0.113410003,0.114390001,0.112879999,3437561.25
6/22/2021 8:00,0.113410003,0.114809997,0.114820004,0.112999998,14158835
6/23/2021 8:00,0.114809997,0.115029998,0.115599997,0.114600003,1176654.25
6/24/2021 8:00,0.115029998,0.114359997,0.115259998,0.114019997,1696507.375
6/25/2021 8:00,0.114359997,0.11327,0.114820004,0.112999998,834426.6875
6/26/2021 8:00,0.11327,0.112680003,0.113619998,0.111429997,33227.46094
6/27/2021 8:00,0.112680003,0.113240004,0.113700002,0.112360001,368630.5313
6/28/2021 8:00,0.113240004,0.114699997,0.115170002,0.112980001,1597389.125
6/29/2021 8:00,0.114699997,0.114189997,0.114799999,0.113499999,3012088.25
6/30/2021 8:00,0.114189997,0.114579998,0.115139998,0.113810003,916197.1875
7/1/2021 8:00,0.114579998,0.114799999,0.115199998,0.114069998,521339.2813
7/2/2021 8:00,0.114799999,0.114720002,0.115029998,0.114330001,10214.67969
7/3/2021 8:00,0.114720002,0.114840001,0.115010001,0.114540003,2342841.75
7/4/2021 8:00,0.114909999,0.115460001,0.115719996,0.114600003,2005822
7/5/2021 8:00,0.115460001,0.115149997,0.115549996,0.114699997,150451.3281
7/6/2021 8:00,0.115149997,0.115139998,0.115719996,0.114799999,102997.9063
7/7/2021 8:00,0.115139998,0.114909999,0.115500003,0.114799999,397451.25
7/8/2021 8:00,0.114909999,0.11496,0.115110002,0.114349999,2074236.125
7/9/2021 8:00,0.11496,0.115230002,0.115290001,0.11445,1210598.375
7/10/2021 8:00,0.115230002,0.115359999,0.115599997,0.11485,1392.802734
7/11/2021 8:00,0.115359999,0.115599997,0.115599997,0.115180001,434.1097412
7/12/2021 8:00,0.115599997,0.115709998,0.115800001,0.115170002,4704.703125
7/13/2021 8:00,0.115709998,0.115709998,0.116159998,0.115000002,1748831
7/14/2021 8:00,0.115709998,0.116149999,0.116159998,0.114909999,1748362.625
7/15/2021 8:00,0.116149999,0.1162,0.11665,0.11564,4425456
7/16/2021 8:00,0.1162,0.116899997,0.117200002,0.115999997,1068462.875
7/17/2021 8:00,0.116899997,0.115910001,0.116910003,0.115510002,8333.996094
7/18/2021 8:00,0.115910001,0.116169997,0.11665,0.11552,17431.31445
7/19/2021 8:00,0.116169997,0.115719996,0.116999999,0.115350001,4345247
7/20/2021 8:00,0.115719996,0.115330003,0.116060004,0.115099996,4369142
7/21/2021 8:00,0.115330003,0.11592,0.116049998,0.114770003,1518376.375
7/22/2021 8:00,0.11592,0.116290003,0.116389997,0.115400001,2097095
7/23/2021 8:00,0.116290003,0.116379999,0.116609998,0.115999997,37816.38672
7/24/2021 8:00,0.116379999,0.117069997,0.117200002,0.115970001,1156248
7/25/2021 8:00,0.117069997,0.116690002,0.117090002,0.115319997,54000.93359
7/26/2021 8:00,0.116690002,0.11744,0.119199999,0.11626,6028772
7/27/2021 8:00,0.11744,0.116889998,0.117559999,0.116099998,87857.96875
7/28/2021 8:00,0.116889998,0.116970003,0.117299996,0.116290003,28016.44531
7/29/2021 8:00,0.116970003,0.118000001,0.118369997,0.116499998,41691.24219
7/30/2021 8:00,0.118000001,0.118450001,0.119379997,0.117830001,838947.375
7/31/2021 8:00,0.118450001,0.11947,0.119999997,0.118160002,93023.07031
8/1/2021 8:00,0.11947,0.119350001,0.119900003,0.118830003,127115.5703
8/2/2021 8:00,0.119350001,0.11992,0.120379999,0.117969997,1345642.75
8/3/2021 8:00,0.11992,0.11851,0.120219998,0.118040003,2048815.125
8/4/2021 8:00,0.11851,0.118220001,0.118819997,0.117519997,2809468.5
8/5/2021 8:00,0.118220001,0.117909998,0.118469998,0.116549999,3295149.75
8/6/2021 8:00,0.117909998,0.116910003,0.117930003,0.116300002,1269275.375
8/7/2021 8:00,0.116910003,0.116729997,0.124229997,0.11468,4159486.75
8/8/2021 8:00,0.116729997,0.116740003,0.11744,0.116300002,181161.2344
8/9/2021 8:00,0.116740003,0.116329998,0.116769999,0.115699999,1055346.25
8/10/2021 8:00,0.116329998,0.115889996,0.11682,0.115400001,1914437
8/11/2021 8:00,0.115889996,0.115809999,0.116800003,0.115319997,791651.1875
8/12/2021 8:00,0.115809999,0.116269998,0.11682,0.115099996,1042407.063
8/13/2021 8:00,0.116269998,0.117059998,0.117299996,0.115400001,830019.1875
8/14/2021 8:00,0.117059998,0.118000001,0.119580001,0.116910003,1227086.625
8/15/2021 8:00,0.118000001,0.117770001,0.118189998,0.116680004,771602.875
8/16/2021 8:00,0.117770001,0.117569998,0.119029999,0.1171,2025343
8/17/2021 8:00,0.117569998,0.117849998,0.118299998,0.116959997,78804.00781
8/18/2021 8:00,0.117849998,0.117299996,0.11806,0.116420001,3892713
8/19/2021 8:00,0.117299996,0.117219999,0.117519997,0.116169997,1531026.625
8/20/2021 8:00,0.117219999,0.118150003,0.118199997,0.117059998,130713.3672
8/21/2021 8:00,0.118150003,0.118299998,0.118299998,0.117870003,23040.75195
8/22/2021 8:00,0.118299998,0.11795,0.118299998,0.117190003,876130.5625
8/23/2021 8:00,0.11795,0.118450001,0.119089998,0.117600001,923720.4375
8/24/2021 8:00,0.118450001,0.118419997,0.119110003,0.117820002,816564.4375
8/25/2021 8:00,0.118419997,0.118369997,0.118880004,0.117600001,2769698.75
8/26/2021 8:00,0.118369997,0.118359998,0.118699998,0.117640004,1060371.375
8/27/2021 8:00,0.118359998,0.119149998,0.119580001,0.117650002,86739.69531
8/28/2021 8:00,0.119149998,0.119879998,0.119999997,0.118500002,22962.95313
8/29/2021 8:00,0.119879998,0.119350001,0.119999997,0.118940003,45274.55859
8/30/2021 8:00,0.119350001,0.118940003,0.119949996,0.118809998,300805.0625
8/31/2021 8:00,0.118940003,0.119999997,0.120279998,0.118819997,179643.2031
9/1/2021 8:00,0.119999997,0.120650001,0.120760001,0.119599998,451579.1563
9/2/2021 8:00,0.120650001,0.121090002,0.12201,0.120379999,823504.5
9/3/2021 8:00,0.121090002,0.120569997,0.121629998,0.120070003,927934.9375
9/4/2021 8:00,0.120569997,0.120909996,0.121339999,0.120559998,49373.82031
9/5/2021 8:00,0.120909996,0.121080004,0.121229999,0.12054,48487.23438
9/6/2021 8:00,0.121080004,0.121169999,0.122040004,0.120379999,2790657
9/7/2021 8:00,0.121169999,0.118000001,0.121809997,0.117380001,16100174
9/8/2021 8:00,0.118000001,0.116690002,0.118069999,0.114540003,1345605.75
9/9/2021 8:00,0.116690002,0.117430001,0.11795,0.11626,622969.9375
9/10/2021 8:00,0.117430001,0.117540002,0.11947,0.1171,411464.9688
9/11/2021 8:00,0.117540002,0.11789,0.117969997,0.116300002,834920.1875
9/12/2021 8:00,0.11789,0.117990002,0.11829,0.116470002,34388.67578
9/13/2021 8:00,0.117990002,0.118139997,0.118299998,0.117059998,1000493.063
9/14/2021 8:00,0.118139997,0.117990002,0.118270002,0.117090002,13379.25586
9/15/2021 8:00,0.117990002,0.118610002,0.118900001,0.117190003,1560553
9/16/2021 8:00,0.118610002,0.117109999,0.118979998,0.116350003,1567872.125
9/17/2021 8:00,0.117109999,0.115610003,0.117480002,0.115249999,646721.4375
9/18/2021 8:00,0.115610003,0.115800001,0.116020001,0.115099996,36262.41797
9/19/2021 8:00,0.115800001,0.115199998,0.11586,0.115039997,4310.847168
9/20/2021 8:00,0.115199998,0.11428,0.1153,0.113119997,3453096.25
9/21/2021 8:00,0.11428,0.114840001,0.115249999,0.113169998,682175
9/22/2021 8:00,0.114840001,0.114859998,0.115680002,0.113219999,1010224
9/23/2021 8:00,0.114859998,0.113799997,0.115460001,0.112340003,2284540.5
9/24/2021 8:00,0.113799997,0.112379998,0.114179999,0.112290002,577930.25
9/25/2021 8:00,0.112379998,0.112259999,0.112669997,0.111610003,129399.4844
9/26/2021 8:00,0.112259999,0.112379998,0.112580001,0.110919997,239201.6406
9/27/2021 8:00,0.112379998,0.112850003,0.113260001,0.112099998,200075.5156
9/28/2021 8:00,0.112850003,0.112099998,0.113090001,0.111110002,708442.375
9/29/2021 8:00,0.112099998,0.111419998,0.112839997,0.110509999,122817.4453
9/30/2021 8:00,0.111419998,0.112180002,0.1127,0.111000001,1208510.125
10/1/2021 8:00,0.112180002,0.113739997,0.113940001,0.1118,3718931.5
10/2/2021 8:00,0.113739997,0.11507,0.116360001,0.091509998,4964880
10/3/2021 8:00,0.11507,0.114639997,0.115599997,0.114349999,1185744.25
10/4/2021 8:00,0.114639997,0.113329999,0.114739999,0.112740003,1681137.75
10/5/2021 8:00,0.113329999,0.112879999,0.114320002,0.112360001,2810517.75
10/6/2021 8:00,0.112879999,0.112740003,0.112999998,0.111769997,747803.0625
10/7/2021 8:00,0.112740003,0.11259,0.113150001,0.112410001,436693.9063
10/8/2021 8:00,0.11259,0.111529998,0.112860002,0.111510001,87968.92969
10/9/2021 8:00,0.111529998,0.111579999,0.112099998,0.111259997,56760.9375
10/10/2021 8:00,0.111579999,0.11146,0.111960001,0.111189999,44287.49219
10/11/2021 8:00,0.11146,0.111079998,0.112400003,0.110799998,98562.55469
10/12/2021 8:00,0.111079998,0.110480003,0.111249998,0.110210001,254459.9688
10/13/2021 8:00,0.110480003,0.109449998,0.110799998,0.108800001,355817.1875
10/14/2021 8:00,0.109449998,0.108939998,0.110200003,0.10864,923462.9375
10/15/2021 8:00,0.108939998,0.108149998,0.108999997,0.107879996,450169.25
10/16/2021 8:00,0.108149998,0.108060002,0.108220004,0.107859999,38472.78125
10/17/2021 8:00,0.108060002,0.108329996,0.109250002,0.10768,99690.73438
10/18/2021 8:00,0.108329996,0.10712,0.108350001,0.10689,335310.8125
10/19/2021 8:00,0.10712,0.107330002,0.107560001,0.106600001,178950.8438
10/20/2021 8:00,0.107330002,0.108479999,0.1087,0.106909998,141191.25
10/21/2021 8:00,0.108479999,0.104970001,0.108879998,0.090000004,2016454.5
10/22/2021 8:00,0.104970001,0.104089998,0.105209999,0.103430003,486285.25
10/23/2021 8:00,0.104089998,0.103890002,0.104500003,0.10351,37723.27344
10/24/2021 8:00,0.103890002,0.102159999,0.104079999,0.101149999,1040903.938
10/25/2021 8:00,0.102159999,0.104139999,0.104440004,0.100910001,417597.0625
10/26/2021 8:00,0.104139999,0.104479998,0.105729997,0.103749998,510343.3438
10/27/2021 8:00,0.104479998,0.104199998,0.105060004,0.103260003,4386312
10/28/2021 8:00,0.104199998,0.103720002,0.1043,0.102750003,2480955.25
10/29/2021 8:00,0.103720002,0.104050003,0.104180001,0.103249997,4036219.75
10/30/2021 8:00,0.104050003,0.103830002,0.104369998,0.103459999,261623.7188
10/31/2021 8:00,0.103830002,0.104060002,0.104120001,0.103249997,144548.5313
11/1/2021 8:00,0.104060002,0.10464,0.105109997,0.103610002,499339.9063
11/2/2021 8:00,0.10464,0.103670001,0.105130002,0.103490002,460934.5625
11/3/2021 8:00,0.103610002,0.103469998,0.103840001,0.100840002,334326.9688
11/4/2021 8:00,0.103469998,0.102300003,0.103519998,0.101790003,1951719
11/5/2021 8:00,0.102300003,0.102339998,0.102540001,0.101539999,135217.1875
11/6/2021 8:00,0.102339998,0.102130003,0.102629997,0.101109996,1670157.25
11/7/2021 8:00,0.102130003,0.102069996,0.102849998,0.101980001,27962.51758
11/8/2021 8:00,0.102069996,0.10272,0.102980003,0.101620004,470296.9688
11/9/2021 8:00,0.10272,0.10238,0.102820002,0.102150001,132357.3438
11/10/2021 8:00,0.10238,0.10125,0.102480002,0.100599997,335134.125
11/11/2021 8:00,0.10125,0.100380003,0.10125,0.099129997,204495.4844
11/12/2021 8:00,0.100380003,0.099229999,0.100450002,0.082199998,1447096.375
11/13/2021 8:00,0.099229999,0.098839998,0.099540003,0.097580001,1085241.5
11/14/2021 8:00,0.098839998,0.098640002,0.099150002,0.09815,242702.6875
11/15/2021 8:00,0.098640002,0.09866,0.099720001,0.09815,358107.8438
11/16/2021 8:00,0.09866,0.09527,0.098800004,0.094829999,8629797
11/17/2021 8:00,0.09527,0.092030004,0.095279999,0.091750003,2622473.75
11/18/2021 8:00,0.092030004,0.089060001,0.095169999,0.087669998,3494690.75
11/19/2021 8:00,0.089060001,0.088940002,0.090899996,0.087750003,5765266
11/20/2021 8:00,0.088940002,0.089060001,0.09104,0.08839,1035716.25
11/21/2021 8:00,0.089060001,0.088770002,0.091090001,0.088210002,552690.5
11/22/2021 8:00,0.088770002,0.087159999,0.090410002,0.086580001,4113658.5
11/23/2021 8:00,0.087159999,0.079219997,0.087509997,0.075010002,7325932.5
11/24/2021 8:00,0.079219997,0.082039997,0.085780002,0.076540001,9918651
11/25/2021 8:00,0.082039997,0.082390003,0.082690001,0.07993,4492839
11/26/2021 8:00,0.082390003,0.07784,0.082510002,0.07395,14732035
11/27/2021 8:00,0.07784,0.077320002,0.079580002,0.061779998,8174451
11/28/2021 8:00,0.077310003,0.078210004,0.078259997,0.074890003,5977537.5
11/29/2021 8:00,0.078210004,0.07835,0.079180002,0.075350001,2259566
11/30/2021 8:00,0.07835,0.075350001,0.0788,0.073370002,2286240.75
12/1/2021 8:00,0.075350001,0.073930003,0.082330003,0.072590001,2102717.5
12/2/2021 8:00,0.073930003,0.072149999,0.07395,0.07147,1235575.875
12/3/2021 8:00,0.072149999,0.07,0.073279999,0.068889998,1319801
12/4/2021 8:00,0.07,0.067400001,0.0713,0.064999998,11324232
12/5/2021 8:00,0.067400001,0.068300001,0.069760002,0.06639,637345.3125
12/6/2021 8:00,0.068300001,0.069959998,0.070600003,0.066459998,7078723
12/7/2021 8:00,0.069959998,0.071599998,0.072279997,0.069839999,1890981.25
12/8/2021 8:00,0.071599998,0.071400002,0.071879998,0.070600003,1160436.375
12/9/2021 8:00,0.071400002,0.069909997,0.071690001,0.069789998,1861295.625
12/10/2021 8:00,0.069909997,0.068750001,0.070249997,0.068700001,1742463.375
12/11/2021 8:00,0.068750001,0.069300003,0.069329999,0.068159997,1562569.25
12/12/2021 8:00,0.069320001,0.070710003,0.070909999,0.069239996,932462.625
12/13/2021 8:00,0.070710003,0.069449998,0.071060002,0.067330003,4145086.5
12/14/2021 8:00,0.069449998,0.06831,0.069509998,0.067209996,3038284.5
12/15/2021 8:00,0.06831,0.066739999,0.068530001,0.065889999,2201766.75
12/16/2021 8:00,0.066739999,0.063790001,0.06707,0.063440003,3279224.75
12/17/2021 8:00,0.063790001,0.06005,0.063989997,0.05903,3452358.25
12/18/2021 8:00,0.06005,0.06002,0.060320001,0.059700001,788969.625
12/19/2021 8:00,0.06002,0.058260001,0.060180001,0.058079999,3188191
12/20/2021 8:00,0.058260001,0.069789998,0.078589998,0.053660002,15199687
12/21/2021 8:00,0.069789998,0.074309997,0.083449997,0.067129999,9695779
12/22/2021 8:00,0.074309997,0.07745,0.080799997,0.07423,2833706.5
12/23/2021 8:00,0.07745,0.08568,0.092780001,0.076839998,4831256.5
12/24/2021 8:00,0.08568,0.0836,0.087849997,0.081670001,2573407
12/25/2021 8:00,0.0836,0.085259996,0.085900001,0.083449997,2087936.75
12/26/2021 8:00,0.085259996,0.086439997,0.087690003,0.084339999,1234334.375
12/27/2021 8:00,0.086439997,0.084679998,0.087549999,0.084190004,2012765.75
12/28/2021 8:00,0.084679998,0.081569999,0.084749997,0.08134,1694202.875
12/29/2021 8:00,0.081569999,0.077849999,0.082079999,0.077540003,2729760.75
12/30/2021 8:00,0.077849999,0.075970002,0.07869,0.074879996,1919680.375
12/31/2021 8:00,0.075970002,0.074380003,0.076389998,0.073299997,1547789.125
1/1/2022 8:00,0.074380003,0.074940003,0.074989997,0.074160002,538403.5
1/2/2022 8:00,0.074940003,0.07418,0.075039998,0.073980004,431019.8438
1/3/2022 8:00,0.07418,0.075060003,0.077590004,0.072489999,2041684.875
1/4/2022 8:00,0.075060003,0.073569998,0.075329997,0.073519997,726209.1875
1/5/2022 8:00,0.073569998,0.071259998,0.074830003,0.070909999,1463180.75
1/6/2022 8:00,0.071259998,0.071400002,0.07226,0.070649996,897335.75
1/7/2022 8:00,0.071400002,0.070550002,0.071599998,0.069899999,1380996.25
1/8/2022 8:00,0.070550002,0.070390001,0.071089998,0.069660001,632091.3125
1/9/2022 8:00,0.070390001,0.07079,0.071170002,0.070100002,363881.5938
1/10/2022 8:00,0.07079,0.071039997,0.07181,0.070189998,753446.8125
1/11/2022 8:00,0.071039997,0.072149999,0.072209999,0.071029998,707404.625
1/12/2022 8:00,0.072149999,0.07474,0.075769998,0.070840001,1049508.875
1/13/2022 8:00,0.07474,0.072630003,0.0748,0.072509997,671848.75
1/14/2022 8:00,0.072630003,0.073179998,0.073789999,0.072439998,515137.625
1/15/2022 8:00,0.073179998,0.073679999,0.073909998,0.072970003,259928.8281
1/16/2022 8:00,0.073679999,0.073830001,0.074100003,0.07333,230508.6875
1/17/2022 8:00,0.073830001,0.073579997,0.07553,0.073229998,384566.9063
1/18/2022 8:00,0.073579997,0.073019996,0.073700003,0.072520003,436278.5313
1/19/2022 8:00,0.073019996,0.073200002,0.074069999,0.072530001,380353.7813
1/20/2022 8:00,0.073200002,0.073509999,0.076070003,0.073150001,915682.75
1/21/2022 8:00,0.073509999,0.07254,0.073689997,0.072350003,1183712.5
1/22/2022 8:00,0.07254,0.072279997,0.072899997,0.071910001,1285340.125
1/23/2022 8:00,0.072279997,0.072740003,0.074220002,0.071889997,723003.8125
1/24/2022 8:00,0.072740003,0.072810002,0.072930001,0.071960002,1573199.25
1/25/2022 8:00,0.072810002,0.073109999,0.073600002,0.072360002,631808.5625
1/26/2022 8:00,0.073109999,0.072379999,0.073360004,0.072209999,812381
1/27/2022 8:00,0.072379999,0.072219998,0.072700001,0.071970001,650475.9375
1/28/2022 8:00,0.072219998,0.073059998,0.073129997,0.072010003,654534.5
1/29/2022 8:00,0.073059998,0.073339999,0.073550001,0.073009998,657245.5
1/30/2022 8:00,0.073339999,0.07316,0.073679999,0.072970003,433412.25
1/31/2022 8:00,0.07316,0.07457,0.074649997,0.072800003,579567.9375
2/1/2022 8:00,0.07457,0.074170001,0.074969999,0.073760003,650124.6875
2/2/2022 8:00,0.074170001,0.073169999,0.074249998,0.072910003,244723.5469
2/3/2022 8:00,0.073169999,0.073399998,0.073530003,0.072829999,497656.4063
2/4/2022 8:00,0.073399998,0.07406,0.074150003,0.073270001,552756.3125
2/5/2022 8:00,0.07406,0.074160002,0.075110003,0.073990002,921574.1875
2/6/2022 8:00,0.074160002,0.074699998,0.074840002,0.074089997,271604.7188
2/7/2022 8:00,0.074699998,0.07378,0.074929997,0.073430002,553326.25
2/8/2022 8:00,0.07378,0.07339,0.074100003,0.072839998,946725.5
2/9/2022 8:00,0.07339,0.073639996,0.073720001,0.073109999,385594.375
2/10/2022 8:00,0.073639996,0.073229998,0.074000001,0.073190004,360154.2813
2/11/2022 8:00,0.073229998,0.073279999,0.073899999,0.073069997,641459.375
2/12/2022 8:00,0.073279999,0.073179998,0.07384,0.073100001,271533.75
2/13/2022 8:00,0.073179998,0.073260002,0.073660001,0.073069997,185756.7188
2/14/2022 8:00,0.073260002,0.073150001,0.073569998,0.072829999,385487.4688
2/15/2022 8:00,0.073150001,0.073480003,0.073579997,0.073059998,567583
2/16/2022 8:00,0.073480003,0.073469996,0.073600002,0.073100001,615223.4375
2/17/2022 8:00,0.073469996,0.073059998,0.073540002,0.072860003,673872.125
2/18/2022 8:00,0.073059998,0.072580002,0.073169999,0.072470002,610951.4375
2/19/2022 8:00,0.072580002,0.072570004,0.072729997,0.072379999,299149.125
2/20/2022 8:00,0.072570004,0.072400004,0.072619997,0.072130002,351789.5
2/21/2022 8:00,0.072400004,0.07186,0.072949998,0.071769997,798601.0625
2/22/2022 8:00,0.07186,0.071889997,0.072140001,0.071330003,899827.9375
2/23/2022 8:00,0.071889997,0.071570002,0.073190004,0.071529999,470074.9688
2/24/2022 8:00,0.071570002,0.070799999,0.071649998,0.06741,1317125
2/25/2022 8:00,0.070799999,0.072080001,0.072219998,0.070260003,721620.5
2/26/2022 8:00,0.072080001,0.071620002,0.072470002,0.071500003,329128.0625
2/27/2022 8:00,0.071620002,0.070179999,0.071879998,0.070050001,546132.3125
2/28/2022 8:00,0.070179999,0.072700001,0.073009998,0.069899999,1185710.875
3/1/2022 8:00,0.072700001,0.071910001,0.073459998,0.071520001,1782189.125
3/2/2022 8:00,0.071910001,0.071050003,0.072229996,0.070490003,998758.5625
3/3/2022 8:00,0.071050003,0.070280001,0.071070001,0.070079997,1003498.063
3/4/2022 8:00,0.070280001,0.069559999,0.070289999,0.069449998,942739.5625
3/5/2022 8:00,0.069559999,0.06944,0.069650002,0.069169998,348189.0313
3/6/2022 8:00,0.06944,0.069030002,0.06955,0.068910003,366266.0625
3/7/2022 8:00,0.069030002,0.06865,0.069279999,0.068360001,734689.5
3/8/2022 8:00,0.06865,0.068379998,0.068899997,0.068180002,802134.125
3/9/2022 8:00,0.068379998,0.068170004,0.069229998,0.068049997,1360285.25
3/10/2022 8:00,0.068170004,0.06679,0.068360001,0.066310003,1080654.75
3/11/2022 8:00,0.06679,0.067000002,0.06769,0.06628,706467.1875
3/12/2022 8:00,0.067000002,0.066969998,0.067500003,0.066930003,538827.875
3/13/2022 8:00,0.066969998,0.06673,0.067429997,0.066660002,232733.6094
3/14/2022 8:00,0.06673,0.067189999,0.067429997,0.066529997,477389.5313
3/15/2022 8:00,0.067189999,0.067610003,0.0682,0.066869996,505781.2813
3/16/2022 8:00,0.067610003,0.06842,0.068499997,0.067369998,1212101.5
3/17/2022 8:00,0.06842,0.067850001,0.06865,0.067309998,1464427
3/18/2022 8:00,0.067850001,0.067699999,0.067869999,0.067060001,727600.1875
3/19/2022 8:00,0.067699999,0.067929998,0.068240002,0.067550004,909739.8125
3/20/2022 8:00,0.067929998,0.067479998,0.068170004,0.067380004,360114.3438
3/21/2022 8:00,0.067479998,0.067129999,0.067560002,0.066890001,826639.25
3/22/2022 8:00,0.067129999,0.067309998,0.0678,0.067050003,510832.8438
3/23/2022 8:00,0.067309998,0.067479998,0.067539997,0.067199998,254237.4688
3/24/2022 8:00,0.067479998,0.067500003,0.067639999,0.067249998,463292.6875
3/25/2022 8:00,0.067500003,0.067019999,0.067550004,0.06696,1200503
3/26/2022 8:00,0.067019999,0.067060001,0.067259997,0.066969998,203547.0469
3/27/2022 8:00,0.067060001,0.067500003,0.067539997,0.066909999,503389.1875
3/28/2022 8:00,0.067500003,0.067340001,0.067960002,0.06724,1474545.75
3/29/2022 8:00,0.067340001,0.06797,0.068410002,0.067170002,1177211.5
3/30/2022 8:00,0.06797,0.067900002,0.068180002,0.067639999,431892.5625
3/31/2022 8:00,0.067900002,0.067570001,0.068400003,0.067510001,400430.4688
4/1/2022 8:00,0.067570001,0.06769,0.067910001,0.067419998,388686.125
4/2/2022 8:00,0.067709997,0.067610003,0.068240002,0.067610003,391842.9688
4/3/2022 8:00,0.067610003,0.067919999,0.06803,0.067550004,221806.1563
4/4/2022 8:00,0.067919999,0.0678,0.067919999,0.067400001,202624.6875
4/5/2022 8:00,0.0678,0.067450002,0.067840002,0.067400001,217471.125
4/6/2022 8:00,0.067450002,0.067160003,0.067570001,0.067100003,190080.5938
4/7/2022 8:00,0.067160003,0.06735,0.067479998,0.067050003,231236
4/8/2022 8:00,0.06735,0.067050003,0.06741,0.06701,164407.2813
4/9/2022 8:00,0.067050003,0.06718,0.06724,0.067019999,99388.78906
4/10/2022 8:00,0.06718,0.067139998,0.06735,0.06707,71606.90625
4/11/2022 8:00,0.067139998,0.067330003,0.067510001,0.06701,206826.0781
4/12/2022 8:00,0.067330003,0.068020001,0.068159997,0.067139998,441212.25
4/13/2022 8:00,0.068020001,0.068060003,0.0682,0.067819998,256358.75
4/14/2022 8:00,0.068060003,0.067790002,0.068089999,0.06769,236486.1875
4/15/2022 8:00,0.067790002,0.067730002,0.06797,0.067659996,118633.2109
4/16/2022 8:00,0.067730002,0.067780003,0.067890003,0.06769,79220.19531
4/17/2022 8:00,0.067780003,0.067599997,0.067900002,0.067560002,91878.39063
4/18/2022 8:00,0.067599997,0.067819998,0.067840002,0.06735,94843.80469
4/19/2022 8:00,0.067819998,0.06797,0.067989998,0.067709997,117326.8203
4/20/2022 8:00,0.06797,0.067809999,0.06803,0.067659996,175538.5313
4/21/2022 8:00,0.067809999,0.067550004,0.068010002,0.067450002,162967.9219
4/22/2022 8:00,0.067550004,0.067380004,0.06769,0.067280002,180619.0469
4/23/2022 8:00,0.067380004,0.067299999,0.067419998,0.067290001,171212.0781
4/24/2022 8:00,0.067299999,0.06718,0.06741,0.066820003,376932.1563
4/25/2022 8:00,0.06718,0.06718,0.067290001,0.066529997,490139.125
4/26/2022 8:00,0.06718,0.066859998,0.067189999,0.066529997,2931120.25
4/27/2022 8:00,0.066859998,0.067110002,0.067129999,0.066660002,138376.8281
4/28/2022 8:00,0.067110002,0.067189999,0.067369998,0.067000002,195625.375
4/29/2022 8:00,0.067189999,0.066409998,0.067209996,0.066270001,301581.0625
4/30/2022 8:00,0.066409998,0.065509997,0.066579998,0.065219998,475265.2188
5/1/2022 8:00,0.065509997,0.065609999,0.065909997,0.065190002,336408.75
5/2/2022 8:00,0.065609999,0.065789998,0.065860003,0.065329999,247772.9375
5/3/2022 8:00,0.065789998,0.066140004,0.066370003,0.065700002,197271.7969
5/4/2022 8:00,0.066140004,0.067319997,0.067550004,0.066,581300.6875
5/5/2022 8:00,0.067319997,0.066289999,0.067550004,0.06611,359718.125
5/6/2022 8:00,0.066289999,0.065949999,0.066540003,0.065580003,483761.5938
5/7/2022 8:00,0.065949999,0.06566,0.066030003,0.065449998,221867.7031
5/8/2022 8:00,0.06566,0.065549999,0.065920003,0.065370001,134172.2813
5/9/2022 8:00,0.065549999,0.064130001,0.065930001,0.064130001,854881.3125
5/10/2022 8:00,0.064130001,0.063529998,0.0647,0.063050002,1452303.625
5/11/2022 8:00,0.063529998,0.062490001,0.063770004,0.06171,1685787.125
5/12/2022 8:00,0.062490001,0.062579997,0.067680001,0.061930001,2560085.25
5/13/2022 8:00,0.062579997,0.0625,0.06397,0.062419999,1062288.5
5/14/2022 8:00,0.0625,0.062369999,0.06329,0.061900001,201680.0156
5/15/2022 8:00,0.062369999,0.063170001,0.06318,0.06208,225938.25
5/16/2022 8:00,0.063170001,0.062870003,0.063380003,0.062460002,528358.9375
5/17/2022 8:00,0.062870003,0.062550001,0.063139997,0.06216,846579
5/18/2022 8:00,0.062550001,0.061129998,0.062789999,0.061099999,462903.9063
5/19/2022 8:00,0.061129998,0.061960001,0.062089998,0.06095,390837.2813
5/20/2022 8:00,0.061960001,0.06182,0.06236,0.061439998,333095.0938
5/21/2022 8:00,0.06182,0.061949998,0.061999999,0.061409999,130512.9922
5/22/2022 8:00,0.061949998,0.0623,0.062380001,0.061900001,184950.4844
5/23/2022 8:00,0.0623,0.061810002,0.063349999,0.06171,451793.9063
5/24/2022 8:00,0.061810002,0.061560001,0.06191,0.061269999,214484.4531
5/25/2022 8:00,0.061560001,0.060679998,0.062380001,0.060509998,421455.75
5/26/2022 8:00,0.060679998,0.060320001,0.06092,0.059900001,377341.0313
5/27/2022 8:00,0.060320001,0.060619999,0.060940001,0.059760001,327096.625
5/28/2022 8:00,0.060619999,0.06092,0.061239999,0.060619999,216811.375
5/29/2022 8:00,0.06092,0.06081,0.061179999,0.06072,124810.1094
5/30/2022 8:00,0.06081,0.061009999,0.061349999,0.060550001,324082.5938
5/31/2022 8:00,0.061009999,0.06072,0.0616,0.060210001,168310.0156
6/1/2022 8:00,0.06072,0.060249999,0.060839999,0.059579998,221451.0938
6/2/2022 8:00,0.060249999,0.060150001,0.0603,0.05985,123068.4297
6/3/2022 8:00,0.060150001,0.060109999,0.060249999,0.059769999,155831.3438
6/4/2022 8:00,0.060109999,0.060059998,0.060249999,0.05999,120523.3359
6/5/2022 8:00,0.060059998,0.05999,0.06019,0.05996,32489.55078
6/6/2022 8:00,0.05999,0.06002,0.06036,0.05993,232893.6875
6/7/2022 8:00,0.06002,0.059190001,0.060029998,0.059050001,247011.7656
6/8/2022 8:00,0.059190001,0.0579,0.059379999,0.057709999,219965.5156
6/9/2022 8:00,0.0579,0.0581,0.060529999,0.057390001,629350.4375
6/10/2022 8:00,0.0581,0.05768,0.05926,0.057659999,1209070.125
6/11/2022 8:00,0.05768,0.057349999,0.05785,0.057319999,146150.4063
6/12/2022 8:00,0.057349999,0.057020001,0.057440002,0.056990001,237440.7813
6/13/2022 8:00,0.057020001,0.056990001,0.05759,0.056430001,660574
6/14/2022 8:00,0.056990001,0.057130001,0.057440002,0.05655,275220.8438
6/15/2022 8:00,0.057130001,0.057560001,0.057560001,0.056960002,224786.9531
6/16/2022 8:00,0.057560001,0.057050001,0.057870001,0.05655,261933.625
6/17/2022 8:00,0.057050001,0.057240002,0.057429999,0.056469999,283018.4063
6/18/2022 8:00,0.057240002,0.056990001,0.057539999,0.056740001,121486.1094
6/19/2022 8:00,0.056990001,0.057240002,0.05748,0.056839999,206540.2031
6/20/2022 8:00,0.057240002,0.057360001,0.057769999,0.056949999,270656.375
6/21/2022 8:00,0.057360001,0.057229999,0.057599999,0.057149999,226760.7031
6/22/2022 8:00,0.057229999,0.057080001,0.057390001,0.056839999,116814.5391
6/23/2022 8:00,0.057080001,0.05745,0.057500001,0.057080001,152726.5
6/24/2022 8:00,0.05745,0.058990002,0.06005,0.057220001,652498.9375
6/25/2022 8:00,0.058990002,0.058850002,0.05906,0.058309998,248981.875
6/26/2022 8:00,0.058850002,0.059969999,0.05999,0.058460001,237329.625
6/27/2022 8:00,0.059969999,0.059440002,0.06168,0.059130002,608979.3125
6/28/2022 8:00,0.059440002,0.059250001,0.05971,0.059209999,227814.7969
6/29/2022 8:00,0.059250001,0.05937,0.05968,0.059209999,230032.25
6/30/2022 8:00,0.05937,0.059450001,0.059519999,0.059130002,201933.3438
7/1/2022 8:00,0.059450001,0.059039999,0.05954,0.05875,166177.0625
7/2/2022 8:00,0.059039999,0.0592,0.059239998,0.058880001,65317.375
7/3/2022 8:00,0.0592,0.059110001,0.059209999,0.059009999,77859.17188
7/4/2022 8:00,0.059110001,0.05926,0.059280001,0.058789998,266958.6875
7/5/2022 8:00,0.05926,0.05878,0.059349999,0.05841,389398
7/6/2022 8:00,0.05878,0.058090001,0.058789998,0.057829998,313733.375
7/7/2022 8:00,0.058090001,0.05782,0.058260001,0.057689998,348139.3438
7/8/2022 8:00,0.05782,0.057240002,0.058219999,0.057220001,297240.2188
7/9/2022 8:00,0.057240002,0.057250001,0.057390001,0.057220001,45047.40234
7/10/2022 8:00,0.057250001,0.05689,0.057270002,0.056869999,86237.35156
7/11/2022 8:00,0.05689,0.056510001,0.05689,0.056499999,250681.1406
7/12/2022 8:00,0.056510001,0.056510001,0.05683,0.056389999,97193.85156
7/13/2022 8:00,0.056510001,0.056680001,0.056839999,0.056189999,522441.6875
7/14/2022 8:00,0.056680001,0.05711,0.05717,0.05641,343964.125
7/15/2022 8:00,0.05711,0.05731,0.057769999,0.057080001,1397095.25
7/16/2022 8:00,0.05731,0.057739999,0.057870001,0.057259999,603680.4375
7/17/2022 8:00,0.057739999,0.057459999,0.057969999,0.057300001,622737.5625
7/18/2022 8:00,0.057459999,0.057440002,0.058090001,0.05714,2088863.75
7/19/2022 8:00,0.057440002,0.056930002,0.057689998,0.056710001,413909.4375
7/20/2022 8:00,0.056930002,0.056359999,0.057179999,0.05632,859756.5625
7/21/2022 8:00,0.056359999,0.05604,0.056449998,0.055840001,292873.9063
7/22/2022 8:00,0.05604,0.055569999,0.056120001,0.055539999,243112.5156
7/23/2022 8:00,0.055569999,0.055599999,0.055769999,0.055489998,271365.2188
7/24/2022 8:00,0.055599999,0.05573,0.055890001,0.055569999,85874.82813
7/25/2022 8:00,0.05573,0.055270001,0.055780001,0.05522,269977.3125
7/26/2022 8:00,0.055270001,0.055300001,0.055459999,0.055029999,656718.4375
7/27/2022 8:00,0.055300001,0.05562,0.055629998,0.054760002,488770.0625
7/28/2022 8:00,0.05562,0.055679999,0.055909999,0.054949999,325834.9063
7/29/2022 8:00,0.055679999,0.055920001,0.05593,0.055610001,37521.46484
